threshold,write_only_qps,mixed_rw_qps,db_size_bytes
1,77825.35644779833,167347.343059369,6291518
2,107515.41317847514,164337.73311788132,6815806
5,120905.84311654852,160194.21023330034,5767230
10,118009.55836355418,158681.35287976585,5767230
20,127939.43441338294,150433.88834071116,5767230
50,123555.32167905998,139181.59861601383,5767230
100,118091.82263679568,116483.12626248343,5767230
200,110451.50356792376,90704.38907890057,5767230
